{"num_step": 47, "reward": 0.39593836665153503, "_timestamp": 1744897067, "_runtime": 1286, "_step": 5049, "avg_step": 197.17, "avg_reward": 1.869280219078064, "_wandb": {"runtime": 1287}}