{"num_step": 14, "reward": 0.10601749457418919, "_timestamp": 1744980119, "_runtime": 407, "_step": 5049, "avg_step": 11.66, "avg_reward": 0.08243334491737186, "_wandb": {"runtime": 408}}