{"num_step": 36, "reward": 0.3068835735321045, "_timestamp": 1744946156, "_runtime": 681, "_step": 4133, "avg_step": 123.7, "avg_reward": 1.1386280059814453}