{"num_step": 34, "reward": 0.28727230429649353, "_timestamp": 1744902480, "_runtime": 140, "_step": 1996, "avg_step": 21.27, "avg_reward": 0.16404972970485687}