{"num_step": 40, "reward": 0.3438543379306793, "_timestamp": 1744938505, "_runtime": 65, "_step": 848, "avg_step": 16.37, "avg_reward": 0.1175178661942482}