{"num_step": 43, "reward": 0.3675478994846344, "_timestamp": 1744970410, "_runtime": 857, "_step": 5049, "avg_step": 85.27, "avg_reward": 0.7782428860664368, "_wandb": {"runtime": 858}}