{"num_step": 13, "reward": 0.08066491689532995, "_timestamp": 1744946487, "_runtime": 7, "_step": 12, "avg_step": 0.14, "avg_reward": 0.0009567952901124954}