{"num_step": 183, "reward": 1.6983617907389998, "_timestamp": 1744983162, "_runtime": 3035, "_step": 5049, "avg_step": 110.86, "avg_reward": 0.9792274641850963, "_wandb": {"runtime": 3036}}