{"num_step": 9, "reward": 0.04900297150015831, "_timestamp": 1744901996, "_runtime": 352, "_step": 5049, "avg_step": 23.64, "avg_reward": 0.18711863458156586, "_wandb": {"runtime": 352}}