{"actor_loss": -0.1302386075258255, "critic_loss": 0.003390049561858177, "_timestamp": 1744867207, "_runtime": 144, "_step": 5369, "num_step": 14, "reward": 0.09614391019567847}