{"num_step": 22, "reward": 0.18072404619306326, "_timestamp": 1744979579, "_runtime": 10, "_step": 22, "avg_step": 0.24, "avg_reward": 0.0019905974436551332}