{"num_step": 12, "reward": 0.07430652529001236, "_timestamp": 1744902989, "_runtime": 186, "_step": 2571, "avg_step": 24.98, "avg_reward": 0.19908395409584045}