{"num_step": 36, "reward": 0.2896212935447693, "_timestamp": 1744968866, "_runtime": 13, "_step": 16, "avg_step": 0.17, "avg_reward": 0.0012452155351638794}