{"num_step": 25, "reward": 0.2007850706577301, "_timestamp": 1744903341, "_runtime": 185, "_step": 2595, "avg_step": 24.98, "avg_reward": 0.19908395409584045}