{"num_step": 6, "reward": 0.020929303020238876, "_timestamp": 1744948261, "_runtime": 202, "_step": 5049, "avg_step": 8.85, "avg_reward": 0.04630492255091667, "_wandb": {"runtime": 203}}