{"num_step": 13, "reward": 0.08370345830917358, "_timestamp": 1744879050, "_runtime": 121, "_step": 2046, "avg_step": 18.74, "avg_reward": 0.13830313086509705}