{"num_step": 10, "reward": 0.05805243831127882, "_timestamp": 1744866212, "_runtime": 78, "_step": 895, "avg_step": 204.14, "avg_reward": 0.10689428912010043}