{"num_step": 33, "reward": 0.26533034443855286, "_timestamp": 1744913590, "_runtime": 363, "_step": 5049, "avg_step": 13.93, "avg_reward": 0.09354979544878006, "_wandb": {"runtime": 359}}