{"num_step": 39, "reward": 0.32701998949050903, "_timestamp": 1744909664, "_runtime": 244, "_step": 2019, "avg_step": 38.88, "avg_reward": 5.809605121612549, "_wandb": {"runtime": 245}}