{"num_step": 7, "reward": 0.02963763289153576, "_timestamp": 1744941936, "_runtime": 383, "_step": 5049, "avg_step": 22.05, "avg_reward": 0.17061856389045715, "_wandb": {"runtime": 380}}