{"num_step": 20, "reward": 0.15592189133167267, "_timestamp": 1744912011, "_runtime": 386, "_step": 5049, "avg_step": 29.61, "avg_reward": 0.2425300031900406, "_wandb": {"runtime": 386}}