{"num_step": 5, "reward": 0.011824870482087135, "_timestamp": 1744940484, "_runtime": 178, "_step": 5049, "avg_step": 5.87, "avg_reward": 0.019541033557616175, "_wandb": {"runtime": 179}}