{"num_step": 71, "reward": 0.6345929782837629, "_timestamp": 1744975471, "_runtime": 264, "_step": 663, "avg_step": 45.71, "avg_reward": 0.40161605129018424}