{"num_step": 0.3765670359134674, "reward": {"_type": "histogram", "values": [2, 2, 1, 2, 1, 2, 1, 2, 1, 2, 1, 1, 2, 1, 1, 2, 1, 1, 2, 1, 1, 1, 1, 2, 1, 1, 1, 1, 1, 1, 1, 2], "bins": [-1.559794545173645, -1.455141305923462, -1.3504881858825684, -1.2458349466323853, -1.1411818265914917, -1.0365285873413086, -0.931875467300415, -0.8272222876548767, -0.7225691080093384, -0.6179158687591553, -0.5132626891136169, -0.408609539270401, -0.3039563298225403, -0.19930316507816315, -0.09464997798204422, 0.010003205388784409, 0.11465638875961304, 0.21930956840515137, 0.3239627480506897, 0.428615927696228, 0.5332691073417664, 0.6379222869873047, 0.742575466632843, 0.8472286462783813, 0.9518818855285645, 1.056535005569458, 1.1611882448196411, 1.2658413648605347, 1.3704946041107178, 1.4751477241516113, 1.5798009634017944, 1.684454083442688, 1.789107322692871]}, "_timestamp": 1744909300, "_runtime": 6, "_step": 1, "avg_step": 0.0037656703498214483, "avg_reward": {"_type": "histogram", "values": [2, 2, 1, 2, 1, 2, 1, 2, 1, 2, 1, 1, 2, 1, 1, 2, 1, 1, 2, 1, 1, 1, 1, 2, 1, 1, 1, 1, 1, 1, 1, 2], "bins": [-0.01559794507920742, -0.014551413245499134, -0.013504881411790848, -0.012458349578082561, -0.011411817744374275, -0.010365285910665989, -0.009318754076957703, -0.008272222243249416, -0.00722569040954113, -0.006179158575832844, -0.0051326267421245575, -0.004086094908416271, -0.003039563074707985, -0.0019930312409996986, -0.0009464994072914124, 0.00010003242641687393, 0.0011465642601251602, 0.0021930960938334465, 0.003239627927541733, 0.004286159761250019, 0.005332691594958305, 0.006379223428666592, 0.007425755262374878, 0.008472287096083164, 0.00951881892979145, 0.010565350763499737, 0.011611882597208023, 0.01265841443091631, 0.013704946264624596, 0.014751478098332882, 0.015798009932041168, 0.01684454083442688, 0.01789107359945774]}, "_wandb": {"runtime": 8}}