{"num_step": 61, "reward": 0.5679076127707958, "_timestamp": 1744979682, "_runtime": 75, "_step": 435, "avg_step": 34.26, "avg_reward": 0.29625269572250545}