{"num_step": 17, "reward": 0.1261720359325409, "_timestamp": 1744890501, "_runtime": 16, "_step": 149, "avg_step": 24.5, "avg_reward": 0.19319367408752441}