{"num_step": 39, "reward": 0.3419544994831085, "_timestamp": 1744888668, "_runtime": 10, "_step": 50, "avg_step": 0.86, "avg_reward": 0.007851362228393555}