{"num_step": 224, "reward": 2.129946661181748, "_timestamp": 1744989107, "_runtime": 2868, "_step": 5049, "avg_step": 159.92, "avg_reward": 1.5022615008242428, "_wandb": {"runtime": 2869}}