{"num_step": 50, "reward": 0.4307394325733185, "_timestamp": 1744937036, "_runtime": 454, "_step": 5049, "avg_step": 31.07, "avg_reward": 0.254995733499527, "_wandb": {"runtime": 453}}