{"num_step": 97, "reward": 0.8785322308540344, "_timestamp": 1744903616, "_runtime": 265, "_step": 2517, "avg_step": 47.2, "avg_reward": 0.40962618589401245}