{"num_step": 86, "reward": 0.7758445143699646, "_timestamp": 1744906883, "_runtime": 21, "_step": 203, "avg_step": 24.93, "avg_reward": 0.1976165473461151}