{"num_step": 99, "reward": 0.894132137298584, "_timestamp": 1744888724, "_runtime": 17, "_step": 152, "avg_step": 0.58, "avg_reward": 0.0049087186343967915}