{"num_step": 8, "reward": 0.03799477964639664, "_timestamp": 1744948613, "_runtime": 156, "_step": 5049, "avg_step": 7.36, "avg_reward": 0.0326371006667614, "_wandb": {"runtime": 157}}