{"num_step": 10, "reward": 0.05664148926734924, "_timestamp": 1744938428, "_runtime": 154, "_step": 2801, "avg_step": 10.04, "avg_reward": 0.05769677832722664}