{"num_step": 50, "reward": 0.39270082116127014, "_timestamp": 1744973685, "_runtime": 866, "_step": 5049, "avg_step": 91.36, "avg_reward": 0.8217235207557678, "_wandb": {"runtime": 867}}