{"num_step": 14, "reward": 0.09458086639642715, "_timestamp": 1744888841, "_runtime": 8, "_step": 50, "avg_step": 0.22, "avg_reward": 0.0017657408025115728, "_wandb": {"runtime": 10}}