{"num_step": 17, "reward": 0.12036272138357162, "_timestamp": 1744938249, "_runtime": 7, "_step": 18, "avg_step": 0.21, "avg_reward": 0.0015923675382509828}