{"num_step": 7, "reward": 0.02910962514579296, "_timestamp": 1744904494, "_runtime": 73, "_step": 852, "avg_step": 32.0, "avg_reward": 0.26373350620269775}