{"num_step": 219, "reward": 2.04038143157959, "_timestamp": 1744908986, "_runtime": 472, "_step": 3378, "avg_step": 107.95, "avg_reward": 0.985162079334259}