{"num_step": 4, "reward": 0.002689296379685402, "_timestamp": 1744902188, "_runtime": 183, "_step": 2726, "avg_step": 22.94, "avg_reward": 0.1807517260313034}