{"num_step": 49, "reward": 0.42358702421188354, "_timestamp": 1744892536, "_runtime": 488, "_step": 5049, "avg_step": 40.42, "avg_reward": 0.34820762276649475, "_wandb": {"runtime": 489}}