{"num_step": 42, "reward": 0.3681885898113251, "_timestamp": 1744904326, "_runtime": 637, "_step": 4126, "avg_step": 93.22, "avg_reward": 0.8471382856369019}