{"num_step": 33, "reward": 0.2773556411266327, "_timestamp": 1744938164, "_runtime": 165, "_step": 2264, "avg_step": 20.3, "avg_reward": 0.15347303450107574}