{"num_step": 64, "reward": 0.5833745002746582, "_timestamp": 1744911175, "_runtime": 159, "_step": 1209, "avg_step": 39.63, "avg_reward": 0.33899182081222534}