{"action": -25.0, "log_prob": -2.5200068950653076, "_timestamp": 1744867448, "_runtime": 233, "_step": 65734, "actor_loss": -0.007358444854617119, "critic_loss": 0.00035160136758349836, "num_step": 6, "reward": 0.020264542661607265, "_wandb": {"runtime": 233}}