{"num_step": 31, "reward": 0.2515629529953003, "_timestamp": 1744879120, "_runtime": 22, "_step": 258, "avg_step": 22.62, "avg_reward": 0.1768495738506317}