{"num_step": 10, "reward": 0.05460358411073685, "_timestamp": 1744901614, "_runtime": 125, "_step": 3095, "avg_step": 7.49, "avg_reward": 0.033450838178396225}