{"num_step": 1, "reward": -0.021817155182361603, "_timestamp": 1744909811, "_runtime": 18, "_step": 119, "avg_step": 32.37, "avg_reward": 0.27336588501930237}