{"num_step": 7, "reward": 0.02943779155611992, "_timestamp": 1744938635, "_runtime": 20, "_step": 144, "avg_step": 21.26, "avg_reward": 0.16253486275672913}