{"num_step": 12, "reward": 0.07418925315141678, "_timestamp": 1744878622, "_runtime": 672, "_step": 4289, "avg_step": 21.89, "avg_reward": 0.16966639459133148}