{"num_step": 136, "reward": 1.2728689908981323, "_timestamp": 1744972116, "_runtime": 668, "_step": 5049, "avg_step": 55.93, "avg_reward": 0.48604094982147217, "_wandb": {"runtime": 669}}