{"num_step": 10, "reward": 0.05338324327021837, "_timestamp": 1744946190, "_runtime": 11, "_step": 37, "avg_step": 0.14, "avg_reward": 0.0009567952901124954}