{"num_step": 32, "reward": 0.26763153076171875, "_timestamp": 1744937992, "_runtime": 310, "_step": 5049, "avg_step": 18.15, "avg_reward": 0.13487288355827332, "_wandb": {"runtime": 311}}