{"num_step": 49, "reward": 0.428642213344574, "_timestamp": 1744890057, "_runtime": 12, "_step": 96, "avg_step": 0.86, "avg_reward": 0.007851362228393555}