{"num_step": 219, "reward": 2.0497426986694336, "_timestamp": 1744944721, "_runtime": 952, "_step": 5049, "avg_step": 123.28, "avg_reward": 1.1337709426879883, "_wandb": {"runtime": 953}}