{"num_step": 41, "reward": 0.3661686899140477, "_timestamp": 1744983944, "_runtime": 774, "_step": 5049, "avg_step": 37.9, "avg_reward": 0.3294865514151752, "_wandb": {"runtime": 775}}