{"num_step": 18, "reward": 0.1276187151670456, "_timestamp": 1744894948, "_runtime": 613, "_step": 5049, "avg_step": 56.66, "avg_reward": 0.49213019013404846, "_wandb": {"runtime": 614}}