{"num_step": 4, "reward": 0.002878652885556221, "_timestamp": 1744903659, "_runtime": 34, "_step": 361, "avg_step": 25.67, "avg_reward": 0.20485693216323853}