{"num_step": 86, "reward": 0.7851362228393555, "_timestamp": 1744888991, "_runtime": 11, "_step": 1, "avg_step": 0.86, "avg_reward": 0.007851362228393555, "_wandb": {"runtime": 7}}