{"num_step": 21, "reward": 0.1585381031036377, "_timestamp": 1744904521, "_runtime": 19, "_step": 191, "avg_step": 24.18, "avg_reward": 0.19146019220352173}