{"num_step": 45, "reward": 0.3970337510108948, "_timestamp": 1744970594, "_runtime": 121, "_step": 1380, "avg_step": 35.65, "avg_reward": 0.2988949716091156}