{"num_step": 108, "reward": 0.9553342498838902, "_timestamp": 1744986232, "_runtime": 2253, "_step": 5049, "avg_step": 121.2, "avg_reward": 1.1089246745407582, "_wandb": {"runtime": 2254}}