{"num_step": 29, "reward": 0.23991820216178894, "_timestamp": 1744910308, "_runtime": 352, "_step": 2967, "avg_step": 35.64, "avg_reward": 0.30049121379852295}