{"num_step": 8, "reward": 0.03842443972826004, "_timestamp": 1744937272, "_runtime": 229, "_step": 5049, "avg_step": 11.42, "avg_reward": 0.07092326134443283, "_wandb": {"runtime": 225}}