{"num_step": 6, "reward": 0.020264542661607265, "_timestamp": 1744866648, "_runtime": 210, "_step": 5049, "avg_step": 7.32, "avg_reward": 0.03322184599936009}