{"num_step": 30, "reward": 0.24239856004714966, "_timestamp": 1744900454, "_runtime": 1726, "_step": 5049, "avg_step": 43.42, "avg_reward": 0.3738929331302643, "_wandb": {"runtime": 1727}}