{"num_step": 274, "reward": 2.605647325515747, "_timestamp": 1744907664, "_runtime": 692, "_step": 3950, "avg_step": 126.23, "avg_reward": 1.161257028579712}