{"num_step": 12, "reward": 0.07042445242404938, "_timestamp": 1744909947, "_runtime": 107, "_step": 889, "avg_step": 33.39, "avg_reward": 0.2801300883293152}