{"num_step": 19, "reward": 0.13859444856643677, "_timestamp": 1744937673, "_runtime": 383, "_step": 5049, "avg_step": 22.64, "avg_reward": 0.17606213688850403, "_wandb": {"runtime": 384}}