{"num_step": 7, "reward": 0.030213261023163795, "_timestamp": 1744939273, "_runtime": 88, "_step": 2141, "avg_step": 8.66, "avg_reward": 0.04463956132531166}