{"num_step": 7, "reward": 0.02848123572766781, "_timestamp": 1744906931, "_runtime": 30, "_step": 331, "avg_step": 25.67, "avg_reward": 0.20485693216323853}