{"num_step": 14, "reward": 0.08794397115707397, "_timestamp": 1744877618, "_runtime": 388, "_step": 4050, "avg_step": 21.38, "avg_reward": 0.16489945352077484}