{"num_step": 31, "reward": 0.25329145789146423, "_timestamp": 1744879322, "_runtime": 21, "_step": 246, "avg_step": 22.62, "avg_reward": 0.1768495738506317}