{"num_step": 7, "reward": 0.029581928625702858, "_timestamp": 1744889149, "_runtime": 34, "_step": 385, "avg_step": 28.32, "avg_reward": 0.22936074435710907}