{"num_step": 9, "reward": 0.047499075531959534, "_timestamp": 1744940569, "_runtime": 40, "_step": 477, "avg_step": 26.54, "avg_reward": 0.21333102881908417}