{"num_step": 28, "reward": 0.2322315126657486, "_timestamp": 1744902289, "_runtime": 90, "_step": 1223, "avg_step": 23.43, "avg_reward": 0.1832946091890335}