{"num_step": 9, "reward": 0.04703154414892197, "_timestamp": 1744903063, "_runtime": 46, "_step": 586, "avg_step": 21.06, "avg_reward": 0.16171106696128845}