{"num_step": 67, "reward": 0.5988563895225525, "_timestamp": 1744903138, "_runtime": 68, "_step": 850, "avg_step": 24.19, "avg_reward": 0.19055138528347015}