{"num_step": 14, "reward": 0.09567952901124954, "_timestamp": 1744940283, "_runtime": 6, "_step": 1, "avg_step": 0.14, "avg_reward": 0.0009567952901124954, "_wandb": {"runtime": 7}}