{"num_step": 15, "reward": 0.10032562166452408, "_timestamp": 1744902568, "_runtime": 77, "_step": 1046, "avg_step": 25.23, "avg_reward": 0.20105473697185516}