{"num_step": 20, "reward": 0.15470173954963684, "_timestamp": 1744902614, "_runtime": 38, "_step": 457, "avg_step": 27.41, "avg_reward": 0.22070926427841187}