{"num_step": 4, "reward": 0.0030595455318689346, "_timestamp": 1744910914, "_runtime": 585, "_step": 5049, "avg_step": 30.77, "avg_reward": 0.2565164268016815, "_wandb": {"runtime": 586}}