{"num_step": 24, "reward": 0.19905974436551332, "_timestamp": 1744979526, "_runtime": 6, "_step": 1, "avg_step": 0.24, "avg_reward": 0.0019905974436551332, "_wandb": {"runtime": 7}}