{"num_step": 30, "reward": 0.24758142232894897, "_timestamp": 1744938592, "_runtime": 10, "_step": 51, "avg_step": 0.21, "avg_reward": 0.0015923675382509828}