{"num_step": 100, "reward": 0.9144965410232544, "_timestamp": 1744972790, "_runtime": 663, "_step": 5049, "avg_step": 59.06, "avg_reward": 0.5192279815673828, "_wandb": {"runtime": 664}}