{"num_step": 10, "reward": 0.05624374747276306, "_timestamp": 1744913217, "_runtime": 280, "_step": 5049, "avg_step": 11.03, "avg_reward": 0.06501241028308868, "_wandb": {"runtime": 280}}