{"num_step": 6, "reward": 0.019991308450698853, "_timestamp": 1744948450, "_runtime": 180, "_step": 5049, "avg_step": 9.1, "avg_reward": 0.0480838418006897, "_wandb": {"runtime": 181}}