{"num_step": 11, "reward": 0.06373095512390137, "_timestamp": 1744892901, "_runtime": 357, "_step": 5049, "avg_step": 16.66, "avg_reward": 0.11886131763458252, "_wandb": {"runtime": 358}}