{"num_step": 10, "reward": 0.054528385400772095, "_timestamp": 1744938889, "_runtime": 29, "_step": 264, "avg_step": 22.22, "avg_reward": 0.17151106894016266}