{"num_step": 24, "reward": 0.19405703246593475, "_timestamp": 1744911446, "_runtime": 250, "_step": 3414, "avg_step": 25.55, "avg_reward": 0.20338378846645355}