{"num_step": 6, "reward": 0.0200912244617939, "_timestamp": 1744945292, "_runtime": 227, "_step": 5049, "avg_step": 9.81, "avg_reward": 0.05589808523654938, "_wandb": {"runtime": 228}}