{"num_step": 7, "reward": 0.02977064810693264, "_timestamp": 1744912311, "_runtime": 288, "_step": 4884, "avg_step": 11.01, "avg_reward": 0.06500153243541718}