{"num_step": 1000, "reward": 9.757905006408691, "_timestamp": 1744979148, "_runtime": 5455, "_step": 3031, "avg_step": 1000.0, "avg_reward": 9.782376289367676}