{"num_step": 39, "reward": 0.33184394240379333, "_timestamp": 1744909759, "_runtime": 8, "_step": 15, "avg_step": 0.43, "avg_reward": 0.0037656703498214483}