{"num_step": 23, "reward": 0.17220962047576904, "_timestamp": 1744895677, "_runtime": 719, "_step": 5049, "avg_step": 67.28, "avg_reward": 0.6013119220733643, "_wandb": {"runtime": 721}}