{"num_step": 299, "reward": 2.9064559936523438, "_timestamp": 1744898720, "_runtime": 1645, "_step": 5049, "avg_step": 84.5, "avg_reward": 0.7751165628433228, "_wandb": {"runtime": 1647}}