{"num_step": 16, "reward": 0.11117500066757202, "_timestamp": 1744882641, "_runtime": 610, "_step": 5049, "avg_step": 29.01, "avg_reward": 0.23730461299419403}