{"num_step": 99, "reward": 0.894132137298584, "_timestamp": 1744888858, "_runtime": 9, "_step": 50, "avg_step": 0.58, "avg_reward": 0.0049087186343967915, "_wandb": {"runtime": 10}}