{"num_step": 15, "reward": 0.10354334861040115, "_timestamp": 1744939141, "_runtime": 43, "_step": 570, "avg_step": 18.5, "avg_reward": 0.1373833864927292}